{
  "note": "StandardScaler fit on the M1 TRAINING fold only; serve path: standardize -> L2-normalize -> cosine k-NN (k=25)",
  "columns": [
    "amt_log",
    "hour_sin",
    "hour_cos",
    "dow_sin",
    "dow_cos",
    "c1_log",
    "c13_log",
    "c14_log",
    "d_miss_count",
    "d1",
    "d4",
    "d10",
    "d15",
    "amt_ratio",
    "email_missing",
    "is_free_mail"
  ],
  "mean": [
    4.384355105794133,
    -0.33213062132064575,
    0.2874889794627389,
    0.014346646257703159,
    0.04653618705170849,
    1.208129959767374,
    1.7338376094033656,
    1.0773426349878454,
    0.6096429901929953,
    87.73562211825497,
    92.23269017702926,
    98.07901726748884,
    127.26958618987948,
    1.1045184222821272,
    0.15553803056766446,
    0.7728761569314284
  ],
  "scale": [
    0.934574258737562,
    0.6326533945995536,
    0.6378001406163973,
    0.7106533241272425,
    0.7018549778570679,
    0.9828751954077931,
    1.4469116560164756,
    0.9277423533357323,
    1.0550171887941888,
    150.13680462024587,
    163.63799552265573,
    164.8600931215059,
    184.35093833842964,
    1.6757834247725374,
    0.3624168202702473,
    0.41897327239137166
  ]
}